"annee","flux","kg_hab_territoire","kg_hab_mediane_typologie","territoire","typologie"
2016,"Ordures ménagères résiduelles",241.8,280.9,"CA Saint Germain Boucles de Seine","Urbain dense"
2017,"Ordures ménagères résiduelles",257.8,267.3,"CA Saint Germain Boucles de Seine","Urbain dense"
2018,"Ordures ménagères résiduelles",254.4,262.5,"CA Saint Germain Boucles de Seine","Urbain dense"
2019,"Ordures ménagères résiduelles",263.3,264.8,"CA Saint Germain Boucles de Seine","Urbain dense"
2020,"Ordures ménagères résiduelles",239.3,264.6,"CA Saint Germain Boucles de Seine","Urbain dense"
2021,"Ordures ménagères résiduelles",244,261.9,"CA Saint Germain Boucles de Seine","Urbain dense"
2022,"Ordures ménagères résiduelles",226.8,247.8,"CA Saint Germain Boucles de Seine","Urbain dense"
2023,"Ordures ménagères résiduelles",241.2,237.6,"CA Saint Germain Boucles de Seine","Urbain dense"
2024,"Ordures ménagères résiduelles",217.5,239,"CA Saint Germain Boucles de Seine","Urbain dense"
2016,"Emballages et papiers",40.6,36.7,"CA Saint Germain Boucles de Seine","Urbain dense"
2017,"Emballages et papiers",41.3,38.9,"CA Saint Germain Boucles de Seine","Urbain dense"
2018,"Emballages et papiers",40.4,38.4,"CA Saint Germain Boucles de Seine","Urbain dense"
2019,"Emballages et papiers",42,40.8,"CA Saint Germain Boucles de Seine","Urbain dense"
2020,"Emballages et papiers",44.9,40,"CA Saint Germain Boucles de Seine","Urbain dense"
2021,"Emballages et papiers",47.2,44.3,"CA Saint Germain Boucles de Seine","Urbain dense"
2022,"Emballages et papiers",46.6,43.3,"CA Saint Germain Boucles de Seine","Urbain dense"
2023,"Emballages et papiers",46.4,42.2,"CA Saint Germain Boucles de Seine","Urbain dense"
2024,"Emballages et papiers",44.5,44.4,"CA Saint Germain Boucles de Seine","Urbain dense"
2016,"Verre",24.6,18,"CA Saint Germain Boucles de Seine","Urbain dense"
2017,"Verre",25.8,18.5,"CA Saint Germain Boucles de Seine","Urbain dense"
2018,"Verre",25.1,19.2,"CA Saint Germain Boucles de Seine","Urbain dense"
2019,"Verre",25.6,20.4,"CA Saint Germain Boucles de Seine","Urbain dense"
2020,"Verre",26.9,21.2,"CA Saint Germain Boucles de Seine","Urbain dense"
2021,"Verre",27.2,21.3,"CA Saint Germain Boucles de Seine","Urbain dense"
2022,"Verre",25.6,20.1,"CA Saint Germain Boucles de Seine","Urbain dense"
2023,"Verre",24.3,20.2,"CA Saint Germain Boucles de Seine","Urbain dense"
2024,"Verre",22.9,19.3,"CA Saint Germain Boucles de Seine","Urbain dense"
2016,"Biodéchets et déchets verts",44.5,23.9,"CA Saint Germain Boucles de Seine","Urbain dense"
2017,"Biodéchets et déchets verts",39,25.4,"CA Saint Germain Boucles de Seine","Urbain dense"
2018,"Biodéchets et déchets verts",38.6,25.2,"CA Saint Germain Boucles de Seine","Urbain dense"
2019,"Biodéchets et déchets verts",42.5,25.2,"CA Saint Germain Boucles de Seine","Urbain dense"
2020,"Biodéchets et déchets verts",36.4,24.3,"CA Saint Germain Boucles de Seine","Urbain dense"
2021,"Biodéchets et déchets verts",43.7,23.5,"CA Saint Germain Boucles de Seine","Urbain dense"
2022,"Biodéchets et déchets verts",33,16.6,"CA Saint Germain Boucles de Seine","Urbain dense"
2023,"Biodéchets et déchets verts",36,20.6,"CA Saint Germain Boucles de Seine","Urbain dense"
2024,"Biodéchets et déchets verts",37.6,17.2,"CA Saint Germain Boucles de Seine","Urbain dense"
2016,"Total déchets ménagers et assimilés",387.1,394,"CA Saint Germain Boucles de Seine","Urbain dense"
2017,"Total déchets ménagers et assimilés",399.4,399.4,"CA Saint Germain Boucles de Seine","Urbain dense"
2018,"Total déchets ménagers et assimilés",394.9,394.8,"CA Saint Germain Boucles de Seine","Urbain dense"
2019,"Total déchets ménagers et assimilés",414.4,401.7,"CA Saint Germain Boucles de Seine","Urbain dense"
2020,"Total déchets ménagers et assimilés",373.1,393.4,"CA Saint Germain Boucles de Seine","Urbain dense"
2021,"Total déchets ménagers et assimilés",397.4,406.7,"CA Saint Germain Boucles de Seine","Urbain dense"
2022,"Total déchets ménagers et assimilés",360.1,376.3,"CA Saint Germain Boucles de Seine","Urbain dense"
2023,"Total déchets ménagers et assimilés",377,365,"CA Saint Germain Boucles de Seine","Urbain dense"
2024,"Total déchets ménagers et assimilés",358,376.3,"CA Saint Germain Boucles de Seine","Urbain dense"
