"quartier","theme","nb_repondants_quartier","part"
"Centre Ville","Chaleur et ombre",8,37.5
"Centre Ville","Arbres et espaces verts",8,62.5
"Centre Ville","Accès aux soins",8,12.5
"Centre Ville","Qualité de l'air",8,12.5
"Centre Ville","Bruit",8,0
"Centre Ville","Déchets, tri et biodéchets",8,12.5
"Centre Ville","Biodiversité et espèces envahissantes",8,12.5
"Centre Ville","Mobilité",8,12.5
"Centre Ville","Isolement et personnes âgées",8,0
"Ouest","Chaleur et ombre",7,0
"Ouest","Arbres et espaces verts",7,57.1
"Ouest","Accès aux soins",7,0
"Ouest","Qualité de l'air",7,0
"Ouest","Bruit",7,42.9
"Ouest","Déchets, tri et biodéchets",7,42.9
"Ouest","Biodiversité et espèces envahissantes",7,28.6
"Ouest","Mobilité",7,14.3
"Ouest","Isolement et personnes âgées",7,0
"Plaine des Courlis","Chaleur et ombre",8,0
"Plaine des Courlis","Arbres et espaces verts",8,25
"Plaine des Courlis","Accès aux soins",8,25
"Plaine des Courlis","Qualité de l'air",8,25
"Plaine des Courlis","Bruit",8,25
"Plaine des Courlis","Déchets, tri et biodéchets",8,0
"Plaine des Courlis","Biodiversité et espèces envahissantes",8,12.5
"Plaine des Courlis","Mobilité",8,37.5
"Plaine des Courlis","Isolement et personnes âgées",8,12.5
"Vieux Croissy","Chaleur et ombre",7,57.1
"Vieux Croissy","Arbres et espaces verts",7,14.3
"Vieux Croissy","Accès aux soins",7,28.6
"Vieux Croissy","Qualité de l'air",7,0
"Vieux Croissy","Bruit",7,0
"Vieux Croissy","Déchets, tri et biodéchets",7,0
"Vieux Croissy","Biodiversité et espèces envahissantes",7,14.3
"Vieux Croissy","Mobilité",7,14.3
"Vieux Croissy","Isolement et personnes âgées",7,42.9
