"theme","quartier","age","citation"
"Chaleur et ombre","Vieux Croissy","80 ans ou plus","L'été mon appartement devient une fournaise, je ne sors plus l'après-midi."
"Chaleur et ombre","Vieux Croissy","65-79 ans","Plus d'arbres dans les rues pour avoir de l'ombre."
"Chaleur et ombre","Centre Ville","45-64 ans","Beaucoup de béton autour de la place, aucun endroit pour s'asseoir au frais."
"Arbres et espaces verts","Vieux Croissy","65-79 ans","Le parc Chanorier est un vrai poumon, mais il faut marcher pour y aller."
"Arbres et espaces verts","Centre Ville","45-64 ans","Beaucoup de béton autour de la place, aucun endroit pour s'asseoir au frais."
"Arbres et espaces verts","Plaine des Courlis","Moins de 25 ans","Un jardin partagé où les jeunes peuvent venir."
"Accès aux soins","Centre Ville","25-44 ans","Depuis le départ de notre médecin, impossible d'en trouver un nouveau."
"Accès aux soins","Vieux Croissy","65-79 ans","Mon médecin part à la retraite et personne ne le remplace."
"Accès aux soins","Plaine des Courlis","25-44 ans","Pas de pédiatre ni de généraliste disponible, on va aux urgences."
"Qualité de l'air","Plaine des Courlis","45-64 ans","L'air sent parfois les gaz d'échappement aux heures de pointe."
"Qualité de l'air","Plaine des Courlis","65-79 ans","L'humidité dans mon logement me donne des problèmes respiratoires."
"Qualité de l'air","Centre Ville","65-79 ans","L'air est lourd en été et je tousse davantage."
"Bruit","Plaine des Courlis","25-44 ans","Les bords de Seine sont agréables mais la circulation sur la route est bruyante."
"Bruit","Ouest","45-64 ans","Quartier calme et vert, on a la chance d'avoir des jardins."
"Bruit","Ouest","45-64 ans","Les perruches et les oies d'Égypte envahissent le parc, c'est bruyant."
"Déchets, tri et biodéchets","Ouest","45-64 ans","Mieux trier les déchets, les bacs débordent souvent."
"Déchets, tri et biodéchets","Ouest","25-44 ans","On aimerait composter mais on n'a pas de jardin."
"Déchets, tri et biodéchets","Centre Ville","Moins de 25 ans","Les poubelles ne sont pas assez nombreuses, il y a des déchets par terre."
"Biodiversité et espèces envahissantes","Ouest","65-79 ans","Des renouées ont envahi le talus au bout de la rue."
"Biodiversité et espèces envahissantes","Centre Ville","65-79 ans","Peu d'espaces verts dans le centre, il faut aller jusqu'aux berges."
"Biodiversité et espèces envahissantes","Ouest","45-64 ans","Les perruches et les oies d'Égypte envahissent le parc, c'est bruyant."
"Mobilité","Plaine des Courlis","25-44 ans","Les bords de Seine sont agréables mais la circulation sur la route est bruyante."
"Mobilité","Plaine des Courlis","45-64 ans","Réduire la circulation près des écoles."
"Mobilité","Centre Ville","45-64 ans","Trop chaud l'été, trop de voitures, pas assez d'arbres."
"Isolement et personnes âgées","Vieux Croissy","80 ans ou plus","Je vis seule, pendant la canicule personne ne passe me voir."
"Isolement et personnes âgées","Plaine des Courlis","65-79 ans","Aider à rénover les logements mal isolés."
"Isolement et personnes âgées","Vieux Croissy","65-79 ans","Les rues en pente et sans ombre sont difficiles l'été à mon âge."
