"speciesKey","species","groupe","nb_observations","derniere_annee","envahissante_ue","introduite_griis","inscription_liste_ue","nom_francais"
4264680,"Myocastor coypus","Mammifères",4,2021,TRUE,TRUE,"2016-08-03","Ragondin"
2889173,"Reynoutria japonica","Plantes",3,2021,TRUE,TRUE,"2025-08-07","Renouée du Japon"
2498252,"Alopochen aegyptiaca","Oiseaux",2,2020,TRUE,TRUE,"2017-08-02","Ouette d'Égypte"
2984306,"Gunnera tinctoria","Plantes",2,2020,TRUE,TRUE,"2017-08-02","Gunnéra du Chili"
2394486,"Lepomis gibbosus","Poissons",2,2022,TRUE,TRUE,"2019-08-15","Perche soleil"
3034825,"Heracleum mantegazzianum","Plantes",1,2015,TRUE,TRUE,"2017-08-02","Berce du Caucase"
2479226,"Psittacula krameri","Oiseaux",195,2024,FALSE,TRUE,NA,"Perruche à collier"
5232437,"Branta canadensis","Oiseaux",107,2024,FALSE,TRUE,NA,"Bernache du Canada"
2495696,"Streptopelia decaocto","Oiseaux",67,2023,FALSE,TRUE,NA,"Tourterelle turque"
3021496,"Prunus laurocerasus","Plantes",22,2022,FALSE,TRUE,NA,"Laurier-Cerise"
3054368,"Juglans regia","Plantes",15,2024,FALSE,TRUE,NA,"Noyer commun"
5415039,"Syringa vulgaris","Plantes",10,2024,FALSE,TRUE,NA,"Lilas"
3026162,"Cotoneaster franchetii","Plantes",8,2022,FALSE,TRUE,NA,"Cotonéaster de Franchet"
8677924,"Pittosporum tobira","Plantes",8,2022,FALSE,TRUE,NA,"Arbre des Hottentots"
3021730,"Prunus cerasifera","Plantes",7,2022,FALSE,TRUE,NA,"Prunier Cerise"
3189497,"Hypericum calycinum","Plantes",6,2022,FALSE,TRUE,NA,"Millepertuis a calice persistant"
2986045,"Philadelphus coronarius","Plantes",6,2022,FALSE,TRUE,NA,"Seringa en couronne"
3169708,"Vinca major","Plantes",6,2021,FALSE,TRUE,NA,"Grande Pervenche"
3082279,"Ceratostigma plumbaginoides","Plantes",5,2021,FALSE,TRUE,NA,"Ceratostigma faux plombago"
7753992,"Helix lucorum","Mollusques",4,2024,FALSE,TRUE,NA,"Escargot turc"
3189815,"Aesculus hippocastanum","Plantes",4,2022,FALSE,TRUE,NA,"Marronnier d'Inde"
5352251,"Robinia pseudoacacia","Plantes",4,2021,FALSE,TRUE,NA,"Robinier faux acacia"
3118274,"Tanacetum vulgare","Plantes",4,2022,FALSE,TRUE,NA,"Tanaisie commune"
4485843,"Halyomorpha halys","Insectes",3,2020,FALSE,TRUE,NA,"Punaise diabolique"
3169340,"Lysimachia punctata","Plantes",3,2022,FALSE,TRUE,NA,"Lysimaque ponctuée"
9151957,"Medicago sativa","Plantes",3,2021,FALSE,TRUE,NA,"Luzerne cultivée"
3118430,"Tanacetum parthenium","Plantes",3,2020,FALSE,TRUE,NA,"Grande Camomille"
2360551,"Chondrostoma nasus","Poissons",3,2019,FALSE,TRUE,NA,"Hotu"
4409643,"Leuciscus idus","Poissons",3,2019,FALSE,TRUE,NA,"Ide mélanote"
2480830,"Bubulcus ibis","Oiseaux",2,2022,FALSE,TRUE,NA,"Héron garde-boeufs"
5415455,"Acanthus mollis","Plantes",2,2024,FALSE,TRUE,NA,"Acanthe molle"
3034620,"Aegopodium podagraria","Plantes",2,2022,FALSE,TRUE,NA,"Herbe aux goutteux"
5406789,"Alcea rosea","Plantes",2,2020,FALSE,TRUE,NA,"Rose trémière"
3054117,"Aubrieta deltoidea","Plantes",2,2022,FALSE,TRUE,NA,"Aubriète"
2928751,"Datura stramonium","Plantes",2,2020,FALSE,TRUE,NA,"Datura stramoine"
2888380,"Eschscholzia californica","Plantes",2,2021,FALSE,TRUE,NA,"Pavot de Californie"
3066965,"Euphorbia lathyris","Plantes",2,2022,FALSE,TRUE,NA,"Euphorbe Épurge"
5334240,"Lonicera japonica","Plantes",2,2020,FALSE,TRUE,NA,"Chèvrefeuille du Japon"
2988188,"Pyracantha coccinea","Plantes",2,2021,FALSE,TRUE,NA,"Buisson ardent"
3190538,"Rhus typhina","Plantes",2,2022,FALSE,TRUE,NA,"Sumac"
5326791,"Sternbergia lutea","Plantes",2,2018,FALSE,TRUE,NA,"Stenbergie jaune"
2337607,"Silurus glanis","Poissons",2,2022,FALSE,TRUE,NA,"Silure glane"
1749449,"Cameraria ohridella","Insectes",1,2020,FALSE,TRUE,NA,"Mineuse du marronnier"
2498396,"Dendrocygna viduata","Oiseaux",1,2023,FALSE,TRUE,NA,"Dendrocygne veuf"
9752149,"Phasianus colchicus","Oiseaux",1,2019,FALSE,TRUE,NA,"Faisan de Colchide"
8002952,"Ambrosia artemisiifolia","Plantes",1,2021,FALSE,TRUE,NA,"Ambroisie a feuilles d'armoise"
5371746,"Anthriscus cerefolium","Plantes",1,2021,FALSE,TRUE,NA,"Cerfeuil cultivé"
3041022,"Armoracia rusticana","Plantes",1,2021,FALSE,TRUE,NA,"Raifort"
3120790,"Artemisia verlotiorum","Plantes",1,2022,FALSE,TRUE,NA,"Armoise des Frères Verlot"
3083718,"Atriplex halimus","Plantes",1,2022,FALSE,TRUE,NA,"Arroche halime"
5391480,"Calendula officinalis","Plantes",1,2024,FALSE,TRUE,NA,"Souci officinal"
5410411,"Campanula portenschlagiana","Plantes",1,2021,FALSE,TRUE,NA,"Campanule de Dalmatie"
3114643,"Carduus acanthoides","Plantes",1,2024,FALSE,TRUE,NA,"Chardon acanthe"
3172615,"Catalpa bignonioides","Plantes",1,2019,FALSE,TRUE,NA,"Catalpa commun"
2704523,"Cortaderia selloana","Plantes",1,2022,FALSE,TRUE,NA,"Herbe de la Pampa"
5403541,"Crepis bursifolia","Plantes",1,2023,FALSE,TRUE,NA,"Crépide à feuilles de Capselle"
3033227,"Eranthis hyemalis","Plantes",1,2023,FALSE,TRUE,NA,"Eranthe d'hiver"
3117449,"Erigeron annuus","Plantes",1,2022,FALSE,TRUE,NA,"Vergerette annuelle"
3147168,"Erigeron karvinskianus","Plantes",1,2018,FALSE,TRUE,NA,"Vergerette de Karvinski"
5361909,"Ficus carica","Plantes",1,2020,FALSE,TRUE,NA,"Figuier commun"
5341305,"Galeopsis speciosa","Plantes",1,2020,FALSE,TRUE,NA,"Galéopsis orné"
2781103,"Hemerocallis lilioasphodelus","Plantes",1,2020,FALSE,TRUE,NA,"Hémérocalle jaune"
2772666,"Hyacinthus orientalis","Plantes",1,2022,FALSE,TRUE,NA,"Jacinthe"
2891773,"Impatiens balsamina","Plantes",1,2018,FALSE,TRUE,NA,"Impatiente Balsamine"
5341754,"Nicandra physalodes","Plantes",1,2020,FALSE,TRUE,NA,"Nicandre faux Coqueret"
2773448,"Ornithogalum umbellatum","Plantes",1,2022,FALSE,TRUE,NA,"Dame d'onze heures"
2891755,"Oxalis latifolia","Plantes",1,2021,FALSE,TRUE,NA,"Oxalide à larges feuilles"
3170823,"Paulownia tomentosa","Plantes",1,2020,FALSE,TRUE,NA,"Paulownia"
2926130,"Pentaglottis sempervirens","Plantes",1,2016,FALSE,TRUE,NA,"Buglosse toujours verte"
3084015,"Phytolacca americana","Plantes",1,2022,FALSE,TRUE,NA,"Raisin d'Amérique"
3040227,"Populus nigra","Plantes",1,2021,FALSE,TRUE,NA,"Peuplier noir"
5365717,"Potentilla indica","Plantes",1,2021,FALSE,TRUE,NA,"Fraisier des Indes"
2382155,"Sander lucioperca","Poissons",1,2022,FALSE,TRUE,NA,"Sandre"
9705453,"Parus major","Oiseaux",217,2024,FALSE,FALSE,NA,"Mésange charbonnière"
5229490,"Pica pica","Oiseaux",212,2024,FALSE,FALSE,NA,"Pie bavarde"
9409796,"Corvus corone","Oiseaux",165,2024,FALSE,FALSE,NA,"Corneille noire"
2495455,"Columba palumbus","Oiseaux",162,2024,FALSE,FALSE,NA,"Pigeon ramier"
2487879,"Cyanistes caeruleus","Oiseaux",154,2024,FALSE,FALSE,NA,"Mésange bleue"
2492462,"Erithacus rubecula","Oiseaux",147,2024,FALSE,FALSE,NA,"Rougegorge familier"
9797180,"Ardea cinerea","Oiseaux",126,2024,FALSE,FALSE,NA,"Héron cendré"
6065824,"Chroicocephalus ridibundus","Oiseaux",119,2024,FALSE,FALSE,NA,"Mouette rieuse"
2481890,"Phalacrocorax carbo","Oiseaux",118,2024,FALSE,FALSE,NA,"Grand Cormoran"
2495414,"Columba livia","Oiseaux",116,2024,FALSE,FALSE,NA,"Pigeon Biset"
2474377,"Fulica atra","Oiseaux",112,2024,FALSE,FALSE,NA,"Foulque macroule"
2494422,"Fringilla coelebs","Oiseaux",108,2024,FALSE,FALSE,NA,"Pinson des arbres"
5228199,"Gallinula chloropus","Oiseaux",105,2024,FALSE,FALSE,NA,"Gallinule poule-d'eau"
2490719,"Turdus merula","Oiseaux",105,2024,FALSE,FALSE,NA,"Merle noir"
2482048,"Tachybaptus ruficollis","Oiseaux",99,2024,FALSE,FALSE,NA,"Grèbe castagneux"
9761484,"Anas platyrhynchos","Oiseaux",96,2024,FALSE,FALSE,NA,"Canard colvert"
2498261,"Aythya fuligula","Oiseaux",96,2024,FALSE,FALSE,NA,"Fuligule morillon"
5229493,"Garrulus glandarius","Oiseaux",91,2024,FALSE,FALSE,NA,"Geai des chênes"
2493091,"Phylloscopus collybita","Oiseaux",89,2024,FALSE,FALSE,NA,"Pouillot véloce"
5231438,"Troglodytes troglodytes","Oiseaux",85,2024,FALSE,FALSE,NA,"Troglodyte mignon"
2482054,"Podiceps cristatus","Oiseaux",84,2024,FALSE,FALSE,NA,"Grèbe huppé"
5231190,"Passer domesticus","Oiseaux",81,2024,FALSE,FALSE,NA,"Moineau domestique"
2478523,"Picus viridis","Oiseaux",80,2024,FALSE,FALSE,NA,"Pic vert"
2492956,"Sylvia atricapilla","Oiseaux",79,2024,FALSE,FALSE,NA,"Fauvette à tête noire"
9809229,"Sturnus vulgaris","Oiseaux",69,2024,FALSE,FALSE,NA,"Étourneau sansonnet"
2498343,"Cygnus olor","Oiseaux",68,2024,FALSE,FALSE,NA,"Cygne tuberculé"
5231763,"Prunella modularis","Oiseaux",55,2024,FALSE,FALSE,NA,"Accenteur mouchet"
2477968,"Dendrocopos major","Oiseaux",48,2024,FALSE,FALSE,NA,"Pic épeiche"
2495000,"Aegithalos caudatus","Oiseaux",46,2024,FALSE,FALSE,NA,"Mésange à longue queue"
9687165,"Motacilla alba","Oiseaux",44,2024,FALSE,FALSE,NA,"Bergeronnette grise"
7806848,"Certhia brachydactyla","Oiseaux",43,2024,FALSE,FALSE,NA,"Grimpereau des jardins"
9616058,"Falco tinnunculus","Oiseaux",39,2024,FALSE,FALSE,NA,"Faucon Crécerelle"
2475532,"Alcedo atthis","Oiseaux",37,2024,FALSE,FALSE,NA,"Martin-pêcheur d'Europe"
8332393,"Spatula clypeata","Oiseaux",35,2024,FALSE,FALSE,NA,"Canard souchet"
2490310,"Motacilla cinerea","Oiseaux",31,2024,FALSE,FALSE,NA,"Bergeronnette des ruisseaux"
2888585,"Viburnum tinus","Plantes",31,2022,FALSE,FALSE,NA,"Viorne tin"
5334186,"Chelidonium majus","Plantes",30,2024,FALSE,FALSE,NA,"Grande chélidoine"
3033558,"Clematis vitalba","Plantes",29,2024,FALSE,FALSE,NA,NA
5739315,"Phoenicurus ochruros","Oiseaux",27,2023,FALSE,FALSE,NA,NA
2489160,"Riparia riparia","Oiseaux",27,2024,FALSE,FALSE,NA,NA
7901064,"Turdus philomelos","Oiseaux",27,2024,FALSE,FALSE,NA,NA
5228676,"Apus apus","Oiseaux",26,2024,FALSE,FALSE,NA,NA
6100954,"Coloeus monedula","Oiseaux",25,2024,FALSE,FALSE,NA,NA
9362027,"Mareca strepera","Oiseaux",25,2024,FALSE,FALSE,NA,NA
2494686,"Carduelis carduelis","Oiseaux",24,2023,FALSE,FALSE,NA,NA
2480242,"Vanellus vanellus","Oiseaux",21,2024,FALSE,FALSE,NA,NA
2481139,"Larus argentatus","Oiseaux",19,2024,FALSE,FALSE,NA,NA
5845582,"Chloris chloris","Oiseaux",18,2022,FALSE,FALSE,NA,NA
2495471,"Columba oenas","Oiseaux",17,2024,FALSE,FALSE,NA,NA
2487883,"Lophophanes cristatus","Oiseaux",16,2022,FALSE,FALSE,NA,NA
2498255,"Aythya ferina","Oiseaux",15,2024,FALSE,FALSE,NA,NA
3152583,"Hibiscus syriacus","Plantes",15,2022,FALSE,FALSE,NA,NA
2494200,"Serinus serinus","Oiseaux",14,2023,FALSE,FALSE,NA,NA
2492942,"Sylvia borin","Oiseaux",14,2024,FALSE,FALSE,NA,NA
2490781,"Turdus iliacus","Oiseaux",13,2024,FALSE,FALSE,NA,NA
2480537,"Buteo buteo","Oiseaux",12,2022,FALSE,FALSE,NA,NA
5376075,"Alliaria petiolata","Plantes",12,2022,FALSE,FALSE,NA,NA
3190522,"Cotinus coggygria","Plantes",12,2022,FALSE,FALSE,NA,NA
3034830,"Heracleum sphondylium","Plantes",12,2023,FALSE,FALSE,NA,NA
2498036,"Anser anser","Oiseaux",10,2024,FALSE,FALSE,NA,NA
2492943,"Sylvia communis","Oiseaux",10,2024,FALSE,FALSE,NA,NA
2926110,"Borago officinalis","Plantes",10,2022,FALSE,FALSE,NA,NA
3082234,"Cornus sanguinea","Plantes",10,2021,FALSE,FALSE,NA,NA
3034015,"Laurus nobilis","Plantes",10,2022,FALSE,FALSE,NA,NA
3020871,"Prunus lusitanica","Plantes",10,2022,FALSE,FALSE,NA,NA
2493012,"Cettia cetti","Oiseaux",9,2024,FALSE,FALSE,NA,NA
2481728,"Tringa ochropus","Oiseaux",9,2021,FALSE,FALSE,NA,NA
2926557,"Glechoma hederacea","Plantes",9,2022,FALSE,FALSE,NA,NA
2481800,"Actitis hypoleucos","Oiseaux",8,2021,FALSE,FALSE,NA,NA
8214667,"Anas crecca","Oiseaux",8,2023,FALSE,FALSE,NA,NA
2489214,"Delichon urbicum","Oiseaux",8,2024,FALSE,FALSE,NA,NA
9515886,"Hirundo rustica","Oiseaux",8,2024,FALSE,FALSE,NA,NA
9367409,"Sterna hirundo","Oiseaux",8,2024,FALSE,FALSE,NA,NA
2490774,"Turdus viscivorus","Oiseaux",8,2023,FALSE,FALSE,NA,NA
3040233,"Populus alba","Plantes",8,2021,FALSE,FALSE,NA,NA
1341976,"Apis mellifera","Insectes",7,2024,FALSE,FALSE,NA,NA
9413670,"Larus michahellis","Oiseaux",6,2024,FALSE,FALSE,NA,NA
2484596,"Regulus regulus","Oiseaux",6,2023,FALSE,FALSE,NA,NA
9274012,"Spatula querquedula","Oiseaux",6,2020,FALSE,FALSE,NA,NA
5371742,"Anthriscus sylvestris","Plantes",6,2024,FALSE,FALSE,NA,NA
3117424,"Bellis perennis","Plantes",6,2022,FALSE,FALSE,NA,NA
3067353,"Euphorbia characias","Plantes",6,2021,FALSE,FALSE,NA,NA
8245539,"Phelipanche purpurea","Plantes",6,2016,FALSE,FALSE,NA,NA
8228544,"Sonchus oleraceus","Plantes",6,2020,FALSE,FALSE,NA,NA
2493052,"Phylloscopus trochilus","Oiseaux",5,2024,FALSE,FALSE,NA,NA
2808330,"Anacamptis pyramidalis","Plantes",5,2021,FALSE,FALSE,NA,NA
3085438,"Cerastium tomentosum","Plantes",5,2022,FALSE,FALSE,NA,NA
5353590,"Cercis siliquastrum","Plantes",5,2021,FALSE,FALSE,NA,NA
3034650,"Chaerophyllum temulum","Plantes",5,2024,FALSE,FALSE,NA,NA
2928390,"Convolvulus arvensis","Plantes",5,2025,FALSE,FALSE,NA,NA
8351737,"Hedera helix","Plantes",5,2019,FALSE,FALSE,NA,NA
5324951,"Himantoglossum hircinum","Plantes",5,2021,FALSE,FALSE,NA,NA
5341501,"Melissa officinalis","Plantes",5,2022,FALSE,FALSE,NA,NA
8208358,"Plantago lanceolata","Plantes",5,2022,FALSE,FALSE,NA,NA
10786206,"Rhaphiolepis bibas","Plantes",5,2021,FALSE,FALSE,NA,NA
9015784,"Dryobates minor","Oiseaux",4,2024,FALSE,FALSE,NA,NA
2481035,"Falco subbuteo","Oiseaux",4,2021,FALSE,FALSE,NA,NA
2487871,"Periparus ater","Oiseaux",4,2022,FALSE,FALSE,NA,NA
2494543,"Pyrrhula pyrrhula","Oiseaux",4,2020,FALSE,FALSE,NA,NA
9282206,"Strix aluco","Oiseaux",4,2020,FALSE,FALSE,NA,NA
3120060,"Achillea millefolium","Plantes",4,2016,FALSE,FALSE,NA,NA
2704505,"Arrhenatherum elatius","Plantes",4,2016,FALSE,FALSE,NA,NA
2705308,"Dactylis glomerata","Plantes",4,2022,FALSE,FALSE,NA,NA
8435025,"Dipsacus fullonum","Plantes",4,2021,FALSE,FALSE,NA,NA
2913548,"Galium aparine","Plantes",4,2021,FALSE,FALSE,NA,NA
2891488,"Geranium molle","Plantes",4,2016,FALSE,FALSE,NA,NA
2984535,"Humulus lupulus","Plantes",4,2022,FALSE,FALSE,NA,NA
3172300,"Ligustrum vulgare","Plantes",4,2020,FALSE,FALSE,NA,NA
2965201,"Medicago lupulina","Plantes",4,2016,FALSE,FALSE,NA,NA
5371702,"Nigella damascena","Plantes",4,2021,FALSE,FALSE,NA,NA
3021037,"Prunus padus","Plantes",4,2022,FALSE,FALSE,NA,NA
2888728,"Sambucus nigra","Plantes",4,2021,FALSE,FALSE,NA,NA
3172048,"Veronica arvensis","Plantes",4,2019,FALSE,FALSE,NA,NA
4409628,"Gobio gobio","Poissons",4,2022,FALSE,FALSE,NA,NA
8140485,"Perca fluviatilis","Poissons",4,2022,FALSE,FALSE,NA,NA
2359706,"Rutilus rutilus","Poissons",4,2022,FALSE,FALSE,NA,NA
1340513,"Bombus hypnorum","Insectes",3,2010,FALSE,FALSE,NA,NA
5743122,"Lucanus cervus","Insectes",3,2013,FALSE,FALSE,NA,NA
2436940,"Oryctolagus cuniculus","Mammifères",3,2020,FALSE,FALSE,NA,NA
2480637,"Accipiter nisus","Oiseaux",3,2021,FALSE,FALSE,NA,NA
2493118,"Acrocephalus scirpaceus","Oiseaux",3,2024,FALSE,FALSE,NA,NA
8773033,"Dendrocoptes medius","Oiseaux",3,2024,FALSE,FALSE,NA,NA
2481819,"Gallinago gallinago","Oiseaux",3,2020,FALSE,FALSE,NA,NA
2487843,"Poecile palustris","Oiseaux",3,2019,FALSE,FALSE,NA,NA
6093527,"Regulus ignicapilla","Oiseaux",3,2020,FALSE,FALSE,NA,NA
2498415,"Upupa epops","Oiseaux",3,2018,FALSE,FALSE,NA,NA
3189863,"Acer campestre","Plantes",3,2021,FALSE,FALSE,NA,NA
3189870,"Acer pseudoplatanus","Plantes",3,2021,FALSE,FALSE,NA,NA
3117441,"Bellis annua","Plantes",3,2024,FALSE,FALSE,NA,NA
3034742,"Daucus carota","Plantes",3,2021,FALSE,FALSE,NA,NA
5376426,"Diplotaxis tenuifolia","Plantes",3,2024,FALSE,FALSE,NA,NA
8998684,"Epipactis helleborine","Plantes",3,2020,FALSE,FALSE,NA,NA
3070106,"Euphorbia cyparissias","Plantes",3,2020,FALSE,FALSE,NA,NA
3066367,"Euphorbia helioscopia","Plantes",3,2021,FALSE,FALSE,NA,NA
3066386,"Euphorbia peplus","Plantes",3,2020,FALSE,FALSE,NA,NA
5388602,"Jacobaea vulgaris","Plantes",3,2020,FALSE,FALSE,NA,NA
2927324,"Lamium galeobdolon","Plantes",3,2021,FALSE,FALSE,NA,NA
2926682,"Lamium purpureum","Plantes",3,2021,FALSE,FALSE,NA,NA
5415020,"Linaria vulgaris","Plantes",3,2021,FALSE,FALSE,NA,NA
5415040,"Olea europaea","Plantes",3,2022,FALSE,FALSE,NA,NA
3002461,"Rosa canina","Plantes",3,2021,FALSE,FALSE,NA,NA
2927004,"Salvia officinalis","Plantes",3,2020,FALSE,FALSE,NA,NA
2927007,"Salvia pratensis","Plantes",3,2023,FALSE,FALSE,NA,NA
3085360,"Saponaria officinalis","Plantes",3,2021,FALSE,FALSE,NA,NA
5339050,"Sherardia arvensis","Plantes",3,2020,FALSE,FALSE,NA,NA
2926902,"Teucrium fruticans","Plantes",3,2020,FALSE,FALSE,NA,NA
3172077,"Veronica persica","Plantes",3,2021,FALSE,FALSE,NA,NA
2889828,"Viscum album","Plantes",3,2021,FALSE,FALSE,NA,NA
2362925,"Alburnus alburnus","Poissons",3,2019,FALSE,FALSE,NA,NA
5212973,"Anguilla anguilla","Poissons",3,2019,FALSE,FALSE,NA,NA
5739539,"Barbus barbus","Poissons",3,2019,FALSE,FALSE,NA,NA
7807208,"Cottus gobio","Poissons",3,2019,FALSE,FALSE,NA,NA
2360842,"Rhodeus amarus","Poissons",3,2022,FALSE,FALSE,NA,NA
2365685,"Squalius cephalus","Poissons",3,2019,FALSE,FALSE,NA,NA
2153287,"Zoropsis spinimana","Araignées et autres arthropodes",2,2021,FALSE,FALSE,NA,NA
1427721,"Crocothemis erythraea","Insectes",2,2019,FALSE,FALSE,NA,NA
1669519,"Hemipenthes morio","Insectes",2,2010,FALSE,FALSE,NA,NA
1938214,"Iphiclides podalirius","Insectes",2,2026,FALSE,FALSE,NA,NA
4486826,"Pyrrhocoris apterus","Insectes",2,2024,FALSE,FALSE,NA,NA
1428217,"Sympetrum sanguineum","Insectes",2,2019,FALSE,FALSE,NA,NA
1692898,"Tettigonia viridissima","Insectes",2,2024,FALSE,FALSE,NA,NA
1082966,"Valgus hemipterus","Insectes",2,2024,FALSE,FALSE,NA,NA
1311477,"Vespa velutina","Insectes",2,2018,FALSE,FALSE,NA,NA
8211070,"Sciurus vulgaris","Mammifères",2,2021,FALSE,FALSE,NA,NA
2498112,"Anas acuta","Oiseaux",2,2020,FALSE,FALSE,NA,NA
5232464,"Branta leucopsis","Oiseaux",2,2020,FALSE,FALSE,NA,NA
2477872,"Dryocopus martius","Oiseaux",2,2022,FALSE,FALSE,NA,NA
2480876,"Egretta garzetta","Oiseaux",2,2023,FALSE,FALSE,NA,NA
8104397,"Linaria cannabina","Oiseaux",2,2021,FALSE,FALSE,NA,NA
7660710,"Luscinia megarhynchos","Oiseaux",2,2019,FALSE,FALSE,NA,NA
2484916,"Sitta europaea","Oiseaux",2,2024,FALSE,FALSE,NA,NA
2490737,"Turdus pilaris","Oiseaux",2,2024,FALSE,FALSE,NA,NA
3189846,"Acer platanoides","Plantes",2,2022,FALSE,FALSE,NA,NA
2882803,"Arbutus unedo","Plantes",2,2021,FALSE,FALSE,NA,NA
7353729,"Arctium lappa","Plantes",2,2021,FALSE,FALSE,NA,NA
3120946,"Artemisia vulgaris","Plantes",2,2021,FALSE,FALSE,NA,NA
5330661,"Arum italicum","Plantes",2,2024,FALSE,FALSE,NA,NA
3034915,"Astrantia major","Plantes",2,2021,FALSE,FALSE,NA,NA
2926894,"Ballota nigra","Plantes",2,2022,FALSE,FALSE,NA,NA
2882482,"Calluna vulgaris","Plantes",2,2022,FALSE,FALSE,NA,NA
2875818,"Carpinus betulus","Plantes",2,2021,FALSE,FALSE,NA,NA
5284698,"Cedrus deodara","Plantes",2,2021,FALSE,FALSE,NA,NA
3113414,"Cirsium arvense","Plantes",2,2019,FALSE,FALSE,NA,NA
2875979,"Corylus avellana","Plantes",2,2021,FALSE,FALSE,NA,NA
9220780,"Crataegus monogyna","Plantes",2,2021,FALSE,FALSE,NA,NA
2882316,"Fagus sylvatica","Plantes",2,2017,FALSE,FALSE,NA,NA
2704922,"Festuca rubra","Plantes",2,2013,FALSE,FALSE,NA,NA
3189486,"Hypericum perforatum","Plantes",2,2016,FALSE,FALSE,NA,NA
3093702,"Hypochaeris radicata","Plantes",2,2016,FALSE,FALSE,NA,NA
5298765,"Iris foetidissima","Plantes",2,2020,FALSE,FALSE,NA,NA
2926683,"Lamium album","Plantes",2,2020,FALSE,FALSE,NA,NA
5376961,"Lepidium draba","Plantes",2,2023,FALSE,FALSE,NA,NA
5357013,"Lotus corniculatus","Plantes",2,2016,FALSE,FALSE,NA,NA
3086240,"Mirabilis jalapa","Plantes",2,2020,FALSE,FALSE,NA,NA
3169756,"Nerium oleander","Plantes",2,2022,FALSE,FALSE,NA,NA
3733128,"Orobanche hederae","Plantes",2,2013,FALSE,FALSE,NA,NA
5361803,"Parietaria officinalis","Plantes",2,2019,FALSE,FALSE,NA,NA
3032585,"Parnassia palustris","Plantes",2,2020,FALSE,FALSE,NA,NA
5284871,"Picea pungens","Plantes",2,2021,FALSE,FALSE,NA,NA
3093337,"Picris hieracioides","Plantes",2,2013,FALSE,FALSE,NA,NA
2704178,"Poa pratensis","Plantes",2,2013,FALSE,FALSE,NA,NA
5367273,"Potentilla reptans","Plantes",2,2016,FALSE,FALSE,NA,NA
11011124,"Ranunculus parviflorus","Plantes",2,2012,FALSE,FALSE,NA,NA
3033377,"Ranunculus trichophyllus","Plantes",2,2012,FALSE,FALSE,NA,NA
5372513,"Salix alba","Plantes",2,2022,FALSE,FALSE,NA,NA
5362008,"Sedum album","Plantes",2,2024,FALSE,FALSE,NA,NA
5384805,"Silene latifolia","Plantes",2,2022,FALSE,FALSE,NA,NA
3034820,"Torilis japonica","Plantes",2,2016,FALSE,FALSE,NA,NA
5359477,"Trifolium campestre","Plantes",2,2016,FALSE,FALSE,NA,NA
8324121,"Trifolium pratense","Plantes",2,2023,FALSE,FALSE,NA,NA
7960979,"Urtica dioica","Plantes",2,2022,FALSE,FALSE,NA,NA
7874883,"Veronica chamaedrys","Plantes",2,2021,FALSE,FALSE,NA,NA
2888615,"Viburnum lantana","Plantes",2,2021,FALSE,FALSE,NA,NA
2359471,"Blicca bjoerkna","Poissons",2,2019,FALSE,FALSE,NA,NA
5209574,"Gymnocephalus cernua","Poissons",2,2022,FALSE,FALSE,NA,NA
2362635,"Scardinius erythrophthalmus","Poissons",2,2019,FALSE,FALSE,NA,NA
2362524,"Tinca tinca","Poissons",2,2022,FALSE,FALSE,NA,NA
2426661,"Pelophylax ridibundus","Amphibiens et reptiles",1,2021,FALSE,FALSE,NA,NA
2137370,"Neriene radiata","Araignées et autres arthropodes",1,2024,FALSE,FALSE,NA,NA
6476679,"Caenoplana variegata","Autres",1,2021,FALSE,FALSE,NA,NA
9117055,"Rhytisma acerinum","Champignons",1,2025,FALSE,FALSE,NA,NA
1782672,"Acronicta rumicis","Insectes",1,2024,FALSE,FALSE,NA,NA
4535827,"Aglais io","Insectes",1,2019,FALSE,FALSE,NA,NA
1894840,"Aglais urticae","Insectes",1,2019,FALSE,FALSE,NA,NA
5051775,"Anax imperator","Insectes",1,2019,FALSE,FALSE,NA,NA
8138711,"Apatura ilia","Insectes",1,2025,FALSE,FALSE,NA,NA
1933095,"Aricia agestis","Insectes",1,2019,FALSE,FALSE,NA,NA
1427037,"Calopteryx virgo","Insectes",1,2019,FALSE,FALSE,NA,NA
5865098,"Chalcolestes viridis","Insectes",1,2019,FALSE,FALSE,NA,NA
1421964,"Coenagrion puella","Insectes",1,2019,FALSE,FALSE,NA,NA
1422010,"Coenagrion scitulum","Insectes",1,2019,FALSE,FALSE,NA,NA
1911461,"Coenonympha pamphilus","Insectes",1,2019,FALSE,FALSE,NA,NA
5137612,"Colias croceus","Insectes",1,2019,FALSE,FALSE,NA,NA
7437802,"Graphosoma italicum","Insectes",1,2019,FALSE,FALSE,NA,NA
1043118,"Harmonia quadripunctata","Insectes",1,2021,FALSE,FALSE,NA,NA
4452268,"Henosepilachna argus","Insectes",1,2019,FALSE,FALSE,NA,NA
7854318,"Melanargia galathea","Insectes",1,2019,FALSE,FALSE,NA,NA
1428686,"Orthetrum cancellatum","Insectes",1,2019,FALSE,FALSE,NA,NA
8225376,"Papilio machaon","Insectes",1,2018,FALSE,FALSE,NA,NA
8049830,"Pararge aegeria","Insectes",1,2020,FALSE,FALSE,NA,NA
1920506,"Pieris brassicae","Insectes",1,2019,FALSE,FALSE,NA,NA
1920496,"Pieris rapae","Insectes",1,2025,FALSE,FALSE,NA,NA
1423859,"Platycnemis pennipes","Insectes",1,2019,FALSE,FALSE,NA,NA
5140214,"Polyommatus icarus","Insectes",1,2019,FALSE,FALSE,NA,NA
5743491,"Potamophilus acuminatus","Insectes",1,2016,FALSE,FALSE,NA,NA
7622059,"Pyronia tithonus","Insectes",1,2019,FALSE,FALSE,NA,NA
1048933,"Pyrrhalta viburni","Insectes",1,2024,FALSE,FALSE,NA,NA
1898286,"Vanessa atalanta","Insectes",1,2025,FALSE,FALSE,NA,NA
4299368,"Vanessa cardui","Insectes",1,2019,FALSE,FALSE,NA,NA
5219616,"Erinaceus europaeus","Mammifères",1,2020,FALSE,FALSE,NA,NA
2294280,"Cepaea nemoralis","Mollusques",1,2024,FALSE,FALSE,NA,NA
2294287,"Helix pomatia","Mollusques",1,2019,FALSE,FALSE,NA,NA
2493128,"Acrocephalus arundinaceus","Oiseaux",1,2021,FALSE,FALSE,NA,NA
2498035,"Anser indicus","Oiseaux",1,2024,FALSE,FALSE,NA,NA
2498265,"Aythya marila","Oiseaux",1,2019,FALSE,FALSE,NA,NA
7937336,"Charadrius dubius","Oiseaux",1,2018,FALSE,FALSE,NA,NA
2494329,"Coccothraustes coccothraustes","Oiseaux",1,2020,FALSE,FALSE,NA,NA
5231918,"Cuculus canorus","Oiseaux",1,2020,FALSE,FALSE,NA,NA
2492606,"Ficedula hypoleuca","Oiseaux",1,2018,FALSE,FALSE,NA,NA
2493214,"Hippolais polyglotta","Oiseaux",1,2021,FALSE,FALSE,NA,NA
6065841,"Hydrocoloeus minutus","Oiseaux",1,2019,FALSE,FALSE,NA,NA
9701857,"Motacilla flava","Oiseaux",1,2021,FALSE,FALSE,NA,NA
2480863,"Nycticorax nycticorax","Oiseaux",1,2020,FALSE,FALSE,NA,NA
5231240,"Oenanthe oenanthe","Oiseaux",1,2018,FALSE,FALSE,NA,NA
5739317,"Phoenicurus phoenicurus","Oiseaux",1,2021,FALSE,FALSE,NA,NA
2492521,"Saxicola rubetra","Oiseaux",1,2018,FALSE,FALSE,NA,NA
6092830,"Spinus spinus","Oiseaux",1,2018,FALSE,FALSE,NA,NA
2481726,"Tringa nebularia","Oiseaux",1,2019,FALSE,FALSE,NA,NA
2481714,"Tringa totanus","Oiseaux",1,2021,FALSE,FALSE,NA,NA
3120264,"Achillea distans","Plantes",1,2020,FALSE,FALSE,NA,NA
2856457,"Allium triquetrum","Plantes",1,2021,FALSE,FALSE,NA,NA
3172001,"Antirrhinum majus","Plantes",1,2020,FALSE,FALSE,NA,NA
3121581,"Artemisia dracunculus","Plantes",1,2021,FALSE,FALSE,NA,NA
3083786,"Atriplex prostrata","Plantes",1,2021,FALSE,FALSE,NA,NA
3042845,"Brassica oleracea","Plantes",1,2019,FALSE,FALSE,NA,NA
6422396,"Bryonia dioica","Plantes",1,2019,FALSE,FALSE,NA,NA
2984671,"Buxus sempervirens","Plantes",1,2020,FALSE,FALSE,NA,NA
5412014,"Campanula trachelium","Plantes",1,2020,FALSE,FALSE,NA,NA
7972010,"Cardamine pratensis","Plantes",1,2022,FALSE,FALSE,NA,NA
3134867,"Catananche caerulea","Plantes",1,2021,FALSE,FALSE,NA,NA
3089561,"Centaurea cyanus","Plantes",1,2021,FALSE,FALSE,NA,NA
3128225,"Centaurea nigra","Plantes",1,2019,FALSE,FALSE,NA,NA
3085440,"Cerastium glomeratum","Plantes",1,2023,FALSE,FALSE,NA,NA
3000610,"Chaenomeles japonica","Plantes",1,2019,FALSE,FALSE,NA,NA
2736625,"Chamaerops humilis","Plantes",1,2021,FALSE,FALSE,NA,NA
3112801,"Cirsium vulgare","Plantes",1,2024,FALSE,FALSE,NA,NA
8069501,"Convolvulus cneorum","Plantes",1,2020,FALSE,FALSE,NA,NA
3133927,"Coreopsis grandiflora","Plantes",1,2020,FALSE,FALSE,NA,NA
5390618,"Cota tinctoria","Plantes",1,2021,FALSE,FALSE,NA,NA
8252683,"Crataegus laevigata","Plantes",1,2020,FALSE,FALSE,NA,NA
2874508,"Cucurbita pepo","Plantes",1,2024,FALSE,FALSE,NA,NA
5370380,"Dasiphora fruticosa","Plantes",1,2022,FALSE,FALSE,NA,NA
5414992,"Digitalis grandiflora","Plantes",1,2020,FALSE,FALSE,NA,NA
2925892,"Echium vulgare","Plantes",1,2019,FALSE,FALSE,NA,NA
9485490,"Erodium cicutarium","Plantes",1,2021,FALSE,FALSE,NA,NA
3169131,"Euonymus europaeus","Plantes",1,2018,FALSE,FALSE,NA,NA
7325877,"Fraxinus angustifolia","Plantes",1,2021,FALSE,FALSE,NA,NA
3172347,"Fraxinus ornus","Plantes",1,2021,FALSE,FALSE,NA,NA
5938224,"Fuchsia magellanica","Plantes",1,2024,FALSE,FALSE,NA,NA
7270381,"Gentiana asclepiadea","Plantes",1,2020,FALSE,FALSE,NA,NA
2890541,"Geranium purpureum","Plantes",1,2023,FALSE,FALSE,NA,NA
2890212,"Geranium pusillum","Plantes",1,2021,FALSE,FALSE,NA,NA
2890668,"Geranium robertianum","Plantes",1,2024,FALSE,FALSE,NA,NA
2891031,"Geranium rotundifolium","Plantes",1,2021,FALSE,FALSE,NA,NA
3131614,"Helichrysum italicum","Plantes",1,2020,FALSE,FALSE,NA,NA
3141855,"Helminthotheca echioides","Plantes",1,2021,FALSE,FALSE,NA,NA
2706164,"Holcus lanatus","Plantes",1,2019,FALSE,FALSE,NA,NA
7886346,"Hordeum murinum","Plantes",1,2019,FALSE,FALSE,NA,NA
5304257,"Hyacinthoides hispanica","Plantes",1,2021,FALSE,FALSE,NA,NA
5414222,"Ilex aquifolium","Plantes",1,2022,FALSE,FALSE,NA,NA
5298231,"Iris pseudacorus","Plantes",1,2023,FALSE,FALSE,NA,NA
5388595,"Jacobaea maritima","Plantes",1,2020,FALSE,FALSE,NA,NA
3172266,"Jasminum nudiflorum","Plantes",1,2022,FALSE,FALSE,NA,NA
3140490,"Lactuca serriola","Plantes",1,2019,FALSE,FALSE,NA,NA
2927305,"Lavandula angustifolia","Plantes",1,2021,FALSE,FALSE,NA,NA
2860409,"Leucojum vernum","Plantes",1,2022,FALSE,FALSE,NA,NA
5371772,"Levisticum officinale","Plantes",1,2021,FALSE,FALSE,NA,NA
3172291,"Ligustrum ovalifolium","Plantes",1,2020,FALSE,FALSE,NA,NA
2753079,"Lilium bulbiferum","Plantes",1,2019,FALSE,FALSE,NA,NA
12171609,"Lophiolepis eriophora","Plantes",1,2020,FALSE,FALSE,NA,NA
5341478,"Lycopus europaeus","Plantes",1,2020,FALSE,FALSE,NA,NA
3169386,"Lysimachia vulgaris","Plantes",1,2022,FALSE,FALSE,NA,NA
3188736,"Lythrum salicaria","Plantes",1,2020,FALSE,FALSE,NA,NA
3152374,"Malva sylvestris","Plantes",1,2021,FALSE,FALSE,NA,NA
2965527,"Medicago arabica","Plantes",1,2023,FALSE,FALSE,NA,NA
5371700,"Nigella sativa","Plantes",1,2024,FALSE,FALSE,NA,NA
2792998,"Ophrys apifera","Plantes",1,2018,FALSE,FALSE,NA,NA
2773453,"Ornithogalum divergens","Plantes",1,2024,FALSE,FALSE,NA,NA
5332305,"Ostrya carpinifolia","Plantes",1,2021,FALSE,FALSE,NA,NA
5361801,"Parietaria judaica","Plantes",1,2022,FALSE,FALSE,NA,NA
2928226,"Phacelia tanacetifolia","Plantes",1,2021,FALSE,FALSE,NA,NA
7325947,"Phillyrea angustifolia","Plantes",1,2021,FALSE,FALSE,NA,NA
5341112,"Phyla nodiflora","Plantes",1,2021,FALSE,FALSE,NA,NA
3084022,"Phytolacca acinosa","Plantes",1,2022,FALSE,FALSE,NA,NA
7986596,"Picris hieracioides","Plantes",1,2024,FALSE,FALSE,NA,NA
3189767,"Plantago major","Plantes",1,2021,FALSE,FALSE,NA,NA
2704179,"Poa annua","Plantes",1,2019,FALSE,FALSE,NA,NA
3084719,"Portulaca oleracea","Plantes",1,2020,FALSE,FALSE,NA,NA
8377689,"Primula veris","Plantes",1,2019,FALSE,FALSE,NA,NA
5341297,"Prunella vulgaris","Plantes",1,2021,FALSE,FALSE,NA,NA
7818643,"Prunus armeniaca","Plantes",1,2021,FALSE,FALSE,NA,NA
3022789,"Prunus mahaleb","Plantes",1,2021,FALSE,FALSE,NA,NA
3023221,"Prunus spinosa","Plantes",1,2022,FALSE,FALSE,NA,NA
2685796,"Pseudotsuga menziesii","Plantes",1,2020,FALSE,FALSE,NA,NA
3033339,"Ranunculus repens","Plantes",1,2023,FALSE,FALSE,NA,NA
2889011,"Rumex obtusifolius","Plantes",1,2019,FALSE,FALSE,NA,NA
2927026,"Salvia glutinosa","Plantes",1,2019,FALSE,FALSE,NA,NA
2888722,"Sambucus ebulus","Plantes",1,2022,FALSE,FALSE,NA,NA
2926884,"Satureja montana","Plantes",1,2020,FALSE,FALSE,NA,NA
3047598,"Sinapis arvensis","Plantes",1,2021,FALSE,FALSE,NA,NA
2932737,"Solanum dulcamara","Plantes",1,2022,FALSE,FALSE,NA,NA
2984366,"Soleirolia soleirolii","Plantes",1,2020,FALSE,FALSE,NA,NA
3105782,"Sonchus asper","Plantes",1,2019,FALSE,FALSE,NA,NA
2927230,"Stachys byzantina","Plantes",1,2021,FALSE,FALSE,NA,NA
7558421,"Symphytum officinale","Plantes",1,2019,FALSE,FALSE,NA,NA
5393872,"Taraxacum erythrospermum","Plantes",1,2024,FALSE,FALSE,NA,NA
3152047,"Tilia cordata","Plantes",1,2019,FALSE,FALSE,NA,NA
3152048,"Tilia platyphyllos","Plantes",1,2021,FALSE,FALSE,NA,NA
8309638,"Verbascum boerhavii","Plantes",1,2025,FALSE,FALSE,NA,NA
2975014,"Vicia sativa","Plantes",1,2023,FALSE,FALSE,NA,NA
3169707,"Vinca minor","Plantes",1,2020,FALSE,FALSE,NA,NA
5331181,"Viola odorata","Plantes",1,2022,FALSE,FALSE,NA,NA
2925562,"Vitex agnus-castus","Plantes",1,2022,FALSE,FALSE,NA,NA
4409642,"Leuciscus burdigalensis","Poissons",1,2019,FALSE,FALSE,NA,NA
