statut,id,quartier,age,lieu_frais,medecin_traitant,delai_rdv,sante_quartier,priorite,participer
EXEMPLE FICTIF,1,Vieux Croissy,80 ans ou plus,Non,Oui,Plus d'un mois,"L'été mon appartement devient une fournaise, je ne sors plus l'après-midi.","Des bancs à l'ombre et une salle fraîche ouverte pendant les canicules.",Aucun
EXEMPLE FICTIF,2,Vieux Croissy,65-79 ans,Plutôt non,Oui,1 à 4 semaines,"Le parc Chanorier est un vrai poumon, mais il faut marcher pour y aller.","Plus d'arbres dans les rues pour avoir de l'ombre.",Plantation d'arbres
EXEMPLE FICTIF,3,Centre Ville,25-44 ans,Plutôt non,Non,Je n'ai pas réussi à en obtenir un,"Depuis le départ de notre médecin, impossible d'en trouver un nouveau.","Faire venir des médecins généralistes, une maison de santé.",Compostage des biodéchets
EXEMPLE FICTIF,4,Centre Ville,45-64 ans,Non,Oui,Plus d'un mois,"Beaucoup de béton autour de la place, aucun endroit pour s'asseoir au frais.","Végétaliser la place et les cours d'école.",Plantation d'arbres;Jardin partagé ou permaculture
EXEMPLE FICTIF,5,Plaine des Courlis,25-44 ans,Plutôt oui,Oui,1 à 4 semaines,"Les bords de Seine sont agréables mais la circulation sur la route est bruyante.","Des pistes cyclables sécurisées pour aller à l'école.",Jardin partagé ou permaculture
EXEMPLE FICTIF,6,Plaine des Courlis,Moins de 25 ans,Oui,Non,Non concerné,"Il manque un endroit pour faire du sport en plein air près de chez nous.","Un jardin partagé où les jeunes peuvent venir.",Jardin partagé ou permaculture;Compostage des biodéchets
EXEMPLE FICTIF,7,Ouest,45-64 ans,Oui,Oui,Moins d'une semaine,"Quartier calme et vert, on a la chance d'avoir des jardins.","Mieux trier les déchets, les bacs débordent souvent.",Compostage des biodéchets
EXEMPLE FICTIF,8,Ouest,65-79 ans,Plutôt oui,Oui,1 à 4 semaines,"Des renouées ont envahi le talus au bout de la rue.","Arracher les plantes invasives le long de la Seine.",Chantier d'arrachage d'espèces envahissantes
EXEMPLE FICTIF,9,Vieux Croissy,65-79 ans,Plutôt non,Oui,Plus d'un mois,"Mon médecin part à la retraite et personne ne le remplace.","Aider les jeunes médecins à s'installer.",Aucun
EXEMPLE FICTIF,10,Centre Ville,25-44 ans,Non,Oui,1 à 4 semaines,"Les enfants n'ont pas de cour ombragée à l'école, ils ont trop chaud en juin.","Désimperméabiliser les cours d'école et planter des arbres.",Plantation d'arbres
EXEMPLE FICTIF,11,Plaine des Courlis,45-64 ans,Plutôt non,Oui,Plus d'un mois,"L'air sent parfois les gaz d'échappement aux heures de pointe.","Réduire la circulation près des écoles.",Atelier sur l'air intérieur
EXEMPLE FICTIF,12,Ouest,25-44 ans,Oui,Oui,Moins d'une semaine,"On aimerait composter mais on n'a pas de jardin.","Distribuer des composteurs et collecter les biodéchets partout.",Compostage des biodéchets
EXEMPLE FICTIF,13,Vieux Croissy,80 ans ou plus,Non,Oui,Je n'ai pas réussi à en obtenir un,"Je vis seule, pendant la canicule personne ne passe me voir.","Un registre des personnes isolées et des visites l'été.",Aucun
EXEMPLE FICTIF,14,Centre Ville,65-79 ans,Plutôt non,Oui,Plus d'un mois,"Peu d'espaces verts dans le centre, il faut aller jusqu'aux berges.","Créer un petit square arboré en centre-ville.",Jardin partagé ou permaculture
EXEMPLE FICTIF,15,Plaine des Courlis,25-44 ans,Plutôt oui,Non,Je n'ai pas réussi à en obtenir un,"Pas de pédiatre ni de généraliste disponible, on va aux urgences.","Une maison de santé avec des médecins.",Atelier sur l'air intérieur
EXEMPLE FICTIF,16,Ouest,45-64 ans,Oui,Oui,1 à 4 semaines,"Les perruches et les oies d'Égypte envahissent le parc, c'est bruyant.","Mieux informer sur les espèces invasives.",Chantier d'arrachage d'espèces envahissantes
EXEMPLE FICTIF,17,Centre Ville,Moins de 25 ans,Plutôt non,Oui,Moins d'une semaine,"Les poubelles ne sont pas assez nombreuses, il y a des déchets par terre.","Plus de poubelles de tri dans la rue.",Compostage des biodéchets
EXEMPLE FICTIF,18,Vieux Croissy,45-64 ans,Plutôt oui,Oui,1 à 4 semaines,"Le marché et les bords de Seine font du bien au moral.","Protéger les berges et la biodiversité de la Seine.",Plantation d'arbres
EXEMPLE FICTIF,19,Plaine des Courlis,65-79 ans,Non,Oui,Plus d'un mois,"L'humidité dans mon logement me donne des problèmes respiratoires.","Aider à rénover les logements mal isolés.",Atelier sur l'air intérieur
EXEMPLE FICTIF,20,Centre Ville,45-64 ans,Non,Non,Je n'ai pas réussi à en obtenir un,"Trop chaud l'été, trop de voitures, pas assez d'arbres.","Des arbres, des arbres, des arbres.",Plantation d'arbres;Compostage des biodéchets
EXEMPLE FICTIF,21,Ouest,65-79 ans,Plutôt oui,Oui,1 à 4 semaines,"Le calme du quartier est précieux pour la santé.","Garder les jardins et éviter de bétonner.",Jardin partagé ou permaculture
EXEMPLE FICTIF,22,Plaine des Courlis,25-44 ans,Plutôt non,Oui,1 à 4 semaines,"Le bruit de la route la nuit empêche de dormir fenêtres ouvertes l'été.","Des murs antibruit ou des haies le long de la route.",Plantation d'arbres
EXEMPLE FICTIF,23,Vieux Croissy,65-79 ans,Non,Oui,Plus d'un mois,"Les rues en pente et sans ombre sont difficiles l'été à mon âge.","Plus de bancs et d'ombre sur les trottoirs.",Aucun
EXEMPLE FICTIF,24,Centre Ville,25-44 ans,Plutôt oui,Oui,Moins d'une semaine,"On manque d'un jardin partagé pour cultiver avec les voisins.","Lancer un projet de permaculture en ville.",Jardin partagé ou permaculture;Compostage des biodéchets
EXEMPLE FICTIF,25,Ouest,Moins de 25 ans,Oui,Non,Non concerné,"Le vélo est agréable mais les pistes s'arrêtent d'un coup.","Relier les pistes cyclables jusqu'à la gare.",Aucun
EXEMPLE FICTIF,26,Plaine des Courlis,45-64 ans,Plutôt oui,Oui,Plus d'un mois,"Le parc des Berges est bien, mais il manque des toilettes et des fontaines.","Installer des fontaines à eau dans les parcs.",Plantation d'arbres
EXEMPLE FICTIF,27,Vieux Croissy,80 ans ou plus,Plutôt non,Oui,1 à 4 semaines,"J'ai du mal à trouver un kiné et un infirmier à domicile.","Faciliter les soins à domicile pour les personnes âgées.",Aucun
EXEMPLE FICTIF,28,Centre Ville,65-79 ans,Non,Oui,Plus d'un mois,"L'air est lourd en été et je tousse davantage.","Surveiller la qualité de l'air et informer les habitants.",Atelier sur l'air intérieur
EXEMPLE FICTIF,29,Ouest,25-44 ans,Oui,Oui,1 à 4 semaines,"La collecte des biodéchets testée dans notre rue marche très bien.","Étendre la collecte des biodéchets à toute la ville.",Compostage des biodéchets
EXEMPLE FICTIF,30,Plaine des Courlis,25-44 ans,Non,Non,Je n'ai pas réussi à en obtenir un,"Aucun médecin n'accepte de nouveaux patients.","Recruter des médecins salariés dans un centre de santé municipal.",Jardin partagé ou permaculture
