numero,intitule,source_intitule,module_observatoire,indicateur_propose,statut,elu_referent,service_pilote,echeance,commentaire
1,Mise en place d'une plateforme de participation citoyenne,Plateforme croissydapres.croissy.com,Écoute,Nombre de participants et de contributions,À renseigner,,,,
2,Intitulé à compléter,Non relevé (liste paginée de la plateforme),,,À renseigner,,,,
3,Intitulé à compléter,Non relevé (liste paginée de la plateforme),,,À renseigner,,,,
4,La protection des berges et la préservation des zones humides en bord de Seine,Plateforme croissydapres.croissy.com,Biodiversité ; Climat et risques,Linéaire de berges restauré ; observations d'espèces envahissantes en bord de Seine,À renseigner,,,,
5,Création de X* îlots de fraîcheur d'ici 2026 après l'élaboration d'un diagnostic de vulnérabilité et d'exposition aux îlots de chaleur urbains,Plateforme croissydapres.croissy.com,Végétalisation ; Climat et risques,Nombre d'îlots de fraîcheur ; part des 80 ans et plus à moins de 300 m d'un îlot,À renseigner,,,,
6,Généraliser la mise en place de récupérateurs d'eau de pluie dans les logements et bâtiments,Plateforme croissydapres.croissy.com,Climat et risques,Nombre de récupérateurs installés ; volume stocké,À renseigner,,,,
7,"Plan arbres : protéger, développer et équilibrer la couverture végétale sur l'ensemble de la ville",Plateforme croissydapres.croissy.com,Végétalisation ; PLU et permaculture,Arbres plantés par quartier ; m² d'espace vert public par habitant (Centre Ville en priorité),À renseigner,,,,
8,Chauffer le pôle « J. Moulin / Courtel » (50% des consommations gaz de la ville) par eaux grises avant 2026,Plateforme croissydapres.croissy.com,,Consommation de gaz du pôle (MWh),À renseigner,,,,
9,Chauffer le pôle « Stade / Centre technique municipal » (17% des consommations gaz de la ville) par eaux grises avant 2026,Plateforme croissydapres.croissy.com,,Consommation de gaz du pôle (MWh),À renseigner,,,,
10,Installer des ombrières solaires photovoltaïques sur les parkings du Stade des Sablières et du Gymnase J. Moulin pour de l'autoconsommation,Plateforme croissydapres.croissy.com,,Puissance installée (kWc) ; part autoconsommée,À renseigner,,,,
11,Élaboration d'un Plan Local d'Urbanisme vert répondant aux enjeux de la stratégie bas carbone et de la protection de la biodiversité,Plateforme croissydapres.croissy.com,PLU et permaculture,Surface de secteurs dotés d'un coefficient de pleine terre,À renseigner,,,,
12,L'Espace ÉCO-RÉNOV (dispositif créé par l'ADEME) => fournir des conseils gratuits et indépendants aux particuliers,Plateforme croissydapres.croissy.com,,Nombre de ménages conseillés,À renseigner,,,,
13,Élaboration d'un plan pluriannuel de rénovation énergétique des bâtiments de la ville et des bailleurs sociaux,Plateforme croissydapres.croissy.com,,Bâtiments rénovés ; gain énergétique,À renseigner,,,,
14,Identification sur la base du volontariat des passoires thermiques des logements individuels et collectifs du territoire (Thermographie),Plateforme croissydapres.croissy.com,Portrait,Logements diagnostiqués ; part dans les quartiers aux revenus les plus bas,À renseigner,,,,
15,"« Mesurons, Agissons, Respirons » Contrôler et Améliorer la qualité de l'air intérieur et extérieur",Plateforme croissydapres.croissy.com,Santé et air,Établissements recevant des enfants équipés de capteurs de CO₂ ; évaluations annuelles de l'aération réalisées,À renseigner,,,,
16,Intitulé à compléter,Non relevé (liste paginée de la plateforme),,,À renseigner,,,,
17,Etendre et pérenniser à toute la ville l'expérimentation sur les biodéchets,Plateforme croissydapres.croissy.com,Déchets,kg de biodéchets collectés par habitant ; part des foyers desservis,À renseigner,,,,
18,Conseil local « Une seule santé » (intitulé exact à compléter),Page « Le Croissy d'Après - Les projets structurants » (croissy.com),Une seule santé,Nombre de réunions du conseil ; sujets traités,À renseigner,,,,
19,Déploiement de xxx* m de pistes cyclables sur la ville de Croissy,Plateforme croissydapres.croissy.com,,Mètres de pistes cyclables réalisés,À renseigner,,,,
20,"Révision du plan de circulation du centre-ville dans le but de favoriser les commerces, la sécurité et les modes actifs (vélo, marche)",Plateforme croissydapres.croissy.com,,Comptages vélo et piéton ; accidents,À renseigner,,,,
21,Intitulé à compléter,Non relevé (liste paginée de la plateforme),,,À renseigner,,,,
22,Intitulé à compléter,Non relevé (liste paginée de la plateforme),,,À renseigner,,,,
23,Intitulé à compléter,Non relevé (liste paginée de la plateforme),,,À renseigner,,,,
24,Poursuivre la rénovation de l'éclairage public et des armoires de commande : 80 % de l'éclairage public en technologie LED,Plateforme croissydapres.croissy.com,,Part de l'éclairage public en LED,À renseigner,,,,
25,"Désimperméabilisation de x m² d'espace public (stationnement, place, voirie, etc.)",Plateforme croissydapres.croissy.com,Végétalisation ; PLU et permaculture,m² désimperméabilisés dans les mailles prioritaires Regreen,À renseigner,,,,
26,Intitulé à compléter,Non relevé (liste paginée de la plateforme),,,À renseigner,,,,
27,Intitulé à compléter,Non relevé (liste paginée de la plateforme),,,À renseigner,,,,
